"Status","Start Time","Stop Time","Duration in ms","Parent Suite","Suite","Sub Suite","Test Class","Test Method","Name","Description"
"passed","Sat Oct 25 18:53:59 UTC 2025","Sat Oct 25 18:54:00 UTC 2025","413","tests","test_smoke","TestBasicFunctionality","","","test_social_media_icons_present[chromium]","Test that social media icons are present"
"skipped","Sat Oct 25 18:53:50 UTC 2025","Sat Oct 25 18:53:50 UTC 2025","0","tests","test_api","","","","test_api_placeholder","Placeholder for future API tests"
"passed","Sat Oct 25 18:53:52 UTC 2025","Sat Oct 25 18:53:53 UTC 2025","1453","tests","test_regression","TestNavigationLinks","","","test_navigate_to_fake_landing_page[chromium]","Test navigation to Fake Landing Page"
"passed","Sat Oct 25 18:53:58 UTC 2025","Sat Oct 25 18:53:59 UTC 2025","453","tests","test_smoke","TestBasicFunctionality","","","test_page_has_essential_elements[chromium]","Test that essential page elements are present"
"passed","Sat Oct 25 18:53:58 UTC 2025","Sat Oct 25 18:53:58 UTC 2025","485","tests","test_smoke","TestBasicFunctionality","","","test_page_loads_successfully[chromium]","Test that the automation page loads successfully"
"passed","Sat Oct 25 18:53:59 UTC 2025","Sat Oct 25 18:53:59 UTC 2025","427","tests","test_smoke","TestBasicFunctionality","","","test_navigation_links_are_visible[chromium]","Test that navigation links are visible"
"passed","Sat Oct 25 18:53:57 UTC 2025","Sat Oct 25 18:53:58 UTC 2025","399","tests","test_regression","TestPageElements","","","test_page_heading_contains_text[chromium]","Test that page heading contains expected text"
"passed","Sat Oct 25 18:53:53 UTC 2025","Sat Oct 25 18:53:56 UTC 2025","2710","tests","test_regression","TestNavigationLinks","","","test_navigate_to_fake_pricing_page[chromium]","Test navigation to Fake Pricing Page"
"passed","Sat Oct 25 18:53:50 UTC 2025","Sat Oct 25 18:53:52 UTC 2025","1541","tests","test_regression","TestNavigationLinks","","","test_navigate_to_big_page[chromium]","Test navigation to Big Page"
"passed","Sat Oct 25 18:53:56 UTC 2025","Sat Oct 25 18:53:57 UTC 2025","514","tests","test_regression","TestPageElements","","","test_all_practice_links_visible[chromium]","Test that all practice links are visible"
"passed","Sat Oct 25 18:53:57 UTC 2025","Sat Oct 25 18:53:57 UTC 2025","472","tests","test_regression","TestPageElements","","","test_social_icons_visible[chromium]","Test that social media icons are visible"
